<?xml version="1.0" encoding="UTF-8"?>
<project-private xmlns="http://www.netbeans.org/ns/project-private/1">
    <editor-bookmarks xmlns="http://www.netbeans.org/ns/editor-bookmarks/2" lastBookmarkId="0"/>
    <open-files xmlns="http://www.netbeans.org/ns/projectui-open-files/2">
        <group>
            <file>file:/Users/shawson/Desktop/NEU/INFO5100AED/AED5100_FinalProject_Bugbusters/Vaccine/src/Business/Employee/EmployeeDirectory.java</file>
            <file>file:/Users/shawson/Desktop/NEU/INFO5100AED/AED5100_FinalProject_Bugbusters/Vaccine/src/Business/Employee/VaccineManager.java</file>
            <file>file:/Users/shawson/Desktop/NEU/INFO5100AED/AED5100_FinalProject_Bugbusters/Vaccine/src/userinterface/Container.java</file>
            <file>file:/Users/shawson/Desktop/NEU/INFO5100AED/AED5100_FinalProject_Bugbusters/Vaccine/src/Business/Role/SystemAdminRole.java</file>
            <file>file:/Users/shawson/Desktop/NEU/INFO5100AED/AED5100_FinalProject_Bugbusters/Vaccine/src/userinterface/FactoryManagerRole/FactoryManagerWorkAreaJPanel.java</file>
            <file>file:/Users/shawson/Desktop/NEU/INFO5100AED/AED5100_FinalProject_Bugbusters/Vaccine/src/Business/Role/AssistantSecretaryRole.java</file>
            <file>file:/Users/shawson/Desktop/NEU/INFO5100AED/AED5100_FinalProject_Bugbusters/Vaccine/src/userinterface/SecondBox.java</file>
            <file>file:/Users/shawson/Desktop/NEU/INFO5100AED/AED5100_FinalProject_Bugbusters/Vaccine/src/Business/ConfigureASystem.java</file>
            <file>file:/Users/shawson/Desktop/NEU/INFO5100AED/AED5100_FinalProject_Bugbusters/Vaccine/src/Business/Enterprise/EnterpriseDirectory.java</file>
            <file>file:/Users/shawson/Desktop/NEU/INFO5100AED/AED5100_FinalProject_Bugbusters/Vaccine/src/Business/Organization/DoPHOrganization.java</file>
            <file>file:/Users/shawson/Desktop/NEU/INFO5100AED/AED5100_FinalProject_Bugbusters/Vaccine/src/Business/Employee/FactoryManager.java</file>
            <file>file:/Users/shawson/Desktop/NEU/INFO5100AED/AED5100_FinalProject_Bugbusters/Vaccine/src/Business/Enterprise/ManufacturerEnterprise.java</file>
            <file>file:/Users/shawson/Desktop/NEU/INFO5100AED/AED5100_FinalProject_Bugbusters/Vaccine/src/Business/Employee/WarehouseKeeper.java</file>
            <file>file:/Users/shawson/Desktop/NEU/INFO5100AED/AED5100_FinalProject_Bugbusters/Vaccine/src/userinterface/SystemAdminWorkArea/ManageOrganizationJPanel.java</file>
            <file>file:/Users/shawson/Desktop/NEU/INFO5100AED/AED5100_FinalProject_Bugbusters/Vaccine/src/Business/Role/DoctorRole.java</file>
            <file>file:/Users/shawson/Desktop/NEU/INFO5100AED/AED5100_FinalProject_Bugbusters/Vaccine/src/userinterface/VaccineManagerRole/VaccinePurchaseJPanel.java</file>
            <file>file:/Users/shawson/Desktop/NEU/INFO5100AED/AED5100_FinalProject_Bugbusters/Vaccine/src/Business/WorkQueue/VaccineDoctorRequest.java</file>
            <file>file:/Users/shawson/Desktop/NEU/INFO5100AED/AED5100_FinalProject_Bugbusters/Vaccine/src/userinterface/AssistantRole/AssistantJPanel.java</file>
            <file>file:/Users/shawson/Desktop/NEU/INFO5100AED/AED5100_FinalProject_Bugbusters/Vaccine/src/userinterface/SignIn.java</file>
            <file>file:/Users/shawson/Desktop/NEU/INFO5100AED/AED5100_FinalProject_Bugbusters/Vaccine/src/Business/Enterprise/ProviderEnterprise.java</file>
            <file>file:/Users/shawson/Desktop/NEU/INFO5100AED/AED5100_FinalProject_Bugbusters/Vaccine/src/Business/Role/Role.java</file>
            <file>file:/Users/shawson/Desktop/NEU/INFO5100AED/AED5100_FinalProject_Bugbusters/Vaccine/src/Business/Role/VaccineManagerRole.java</file>
            <file>file:/Users/shawson/Desktop/NEU/INFO5100AED/AED5100_FinalProject_Bugbusters/Vaccine/src/userinterface/Doctor/DoctorRequestVaccineJPanel.java</file>
            <file>file:/Users/shawson/Desktop/NEU/INFO5100AED/AED5100_FinalProject_Bugbusters/Vaccine/src/Business/EcoSystem.java</file>
            <file>file:/Users/shawson/Desktop/NEU/INFO5100AED/AED5100_FinalProject_Bugbusters/Vaccine/src/Business/Employee/Doctor.java</file>
            <file>file:/Users/shawson/Desktop/NEU/INFO5100AED/AED5100_FinalProject_Bugbusters/Vaccine/src/Business/Enterprise/RegulatorEnterprise.java</file>
            <file>file:/Users/shawson/Desktop/NEU/INFO5100AED/AED5100_FinalProject_Bugbusters/Vaccine/src/Business/Employee/AssistantSecretary.java</file>
            <file>file:/Users/shawson/Desktop/NEU/INFO5100AED/AED5100_FinalProject_Bugbusters/Vaccine/src/Business/Vaccine/Vaccine.java</file>
            <file>file:/Users/shawson/Desktop/NEU/INFO5100AED/AED5100_FinalProject_Bugbusters/Vaccine/src/userinterface/VaccineManagerRole/VaccineManagerJPanel.java</file>
            <file>file:/Users/shawson/Desktop/NEU/INFO5100AED/AED5100_FinalProject_Bugbusters/Vaccine/src/Business/WorkQueue/WorkRequest.java</file>
            <file>file:/Users/shawson/Desktop/NEU/INFO5100AED/AED5100_FinalProject_Bugbusters/Vaccine/src/userinterface/SystemAdminWorkArea/SystemAdminWorkAreaJPanel.java</file>
            <file>file:/Users/shawson/Desktop/NEU/INFO5100AED/AED5100_FinalProject_Bugbusters/Vaccine/src/Business/Enterprise/Enterprise.java</file>
            <file>file:/Users/shawson/Desktop/NEU/INFO5100AED/AED5100_FinalProject_Bugbusters/Vaccine/src/Business/WorkQueue/VaccinePurchaseRequest.java</file>
            <file>file:/Users/shawson/Desktop/NEU/INFO5100AED/AED5100_FinalProject_Bugbusters/Vaccine/src/userinterface/FactoryManagerRole/ProduceVaccineJPanel.java</file>
            <file>file:/Users/shawson/Desktop/NEU/INFO5100AED/AED5100_FinalProject_Bugbusters/Vaccine/src/Business/UserAccount/UserAccountDirectory.java</file>
            <file>file:/Users/shawson/Desktop/NEU/INFO5100AED/AED5100_FinalProject_Bugbusters/Vaccine/src/Business/Organization/DoctorOrganization.java</file>
            <file>file:/Users/shawson/Desktop/NEU/INFO5100AED/AED5100_FinalProject_Bugbusters/Vaccine/src/userinterface/SystemAdminWorkArea/ManageEnterpriseJPanel.java</file>
            <file>file:/Users/shawson/Desktop/NEU/INFO5100AED/AED5100_FinalProject_Bugbusters/Vaccine/src/Business/Role/FactoryManagerRole.java</file>
            <file>file:/Users/shawson/Desktop/NEU/INFO5100AED/AED5100_FinalProject_Bugbusters/Vaccine/src/Business/Vaccine/VaccineDirectory.java</file>
            <file>file:/Users/shawson/Desktop/NEU/INFO5100AED/AED5100_FinalProject_Bugbusters/Vaccine/src/Business/UserAccount/UserAccount.java</file>
            <file>file:/Users/shawson/Desktop/NEU/INFO5100AED/AED5100_FinalProject_Bugbusters/Vaccine/src/userinterface/Doctor/DoctorWorkAreaJPanel.java</file>
            <file>file:/Users/shawson/Desktop/NEU/INFO5100AED/AED5100_FinalProject_Bugbusters/Vaccine/src/Business/Role/WarehouseKeeperRole.java</file>
            <file>file:/Users/shawson/Desktop/NEU/INFO5100AED/AED5100_FinalProject_Bugbusters/Vaccine/src/userinterface/Signup/SignupJPanel.java</file>
            <file>file:/Users/shawson/Desktop/NEU/INFO5100AED/AED5100_FinalProject_Bugbusters/Vaccine/src/Business/Organization/FactoryOrganization.java</file>
            <file>file:/Users/shawson/Desktop/NEU/INFO5100AED/AED5100_FinalProject_Bugbusters/Vaccine/src/Business/Organization/Organization.java</file>
            <file>file:/Users/shawson/Desktop/NEU/INFO5100AED/AED5100_FinalProject_Bugbusters/Vaccine/src/userinterface/SystemAdminWorkArea/ManageNetworkJPanel.java</file>
            <file>file:/Users/shawson/Desktop/NEU/INFO5100AED/AED5100_FinalProject_Bugbusters/Vaccine/src/Business/Organization/WarehouseOrganization.java</file>
            <file>file:/Users/shawson/Desktop/NEU/INFO5100AED/AED5100_FinalProject_Bugbusters/Vaccine/src/Business/Network/Network.java</file>
            <file>file:/Users/shawson/Desktop/NEU/INFO5100AED/AED5100_FinalProject_Bugbusters/Vaccine/src/Business/WorkQueue/VaccineProduceRequest.java</file>
            <file>file:/Users/shawson/Desktop/NEU/INFO5100AED/AED5100_FinalProject_Bugbusters/Vaccine/src/Business/Organization/OrganizationDirectory.java</file>
            <file>file:/Users/shawson/Desktop/NEU/INFO5100AED/AED5100_FinalProject_Bugbusters/Vaccine/src/Business/Organization/HealthDepartmentOrganization.java</file>
            <file>file:/Users/shawson/Desktop/NEU/INFO5100AED/AED5100_FinalProject_Bugbusters/Vaccine/src/Business/WorkQueue/WorkQueue.java</file>
            <file>file:/Users/shawson/Desktop/NEU/INFO5100AED/AED5100_FinalProject_Bugbusters/Vaccine/src/Business/Employee/Employee.java</file>
            <file>file:/Users/shawson/Desktop/NEU/INFO5100AED/AED5100_FinalProject_Bugbusters/Vaccine/src/userinterface/WareHouseKeeperRole/WareHouseKeeperWorkAreaJPanel.java</file>
        </group>
    </open-files>
</project-private>
